agency,originalStopId,stopName,deutscheBahnStopId,note
FR,StopPoint:OCEICE-80021402,Augsburg Hbf,8000013,"resolved via stations.csv uic8_sncf=80021402 -> db_id (station: 'Augsburg Hbf', slug=augsburg-hbf); raw data had deutscheBahnStopId=8002140 (50 rows) and 8000013 (11 rows) for this originalStopId; correct value matches candidate_b"
FR,StopPoint:OCEICE-80030254,Berlin-Spandau,8010404,"resolved via stations.csv uic8_sncf=80030254 -> db_id (station: 'Berlin-Spandau', slug=berlin-spandau); raw data had deutscheBahnStopId=8003025 (14 rows) and 8010404 (1 rows) for this originalStopId; correct value matches candidate_b"
FR,StopPoint:OCEICE-80110684,Francfort sur le Main,8000105,"resolved via stations.csv uic8_sncf=80110684 -> db_id (station: 'Frankfurt (Main) Hbf', slug=frankfurt-main-hbf); raw data had deutscheBahnStopId=8000105 (116 rows) and 8011068 (87 rows) for this originalStopId; correct value matches candidate_a"
FR,StopPoint:OCEICE-80140087,Mannheim Hbf,8000244,"resolved via stations.csv uic8_sncf=80140087 -> db_id (station: 'Mannheim Hbf', slug=mannheim-hbf); raw data had deutscheBahnStopId=8014008 (355 rows) and 8000244 (97 rows) for this originalStopId; correct value matches candidate_b"
FR,StopPoint:OCEICE-80142281,Karlsruhe Hbf,8000191,"resolved via stations.csv uic8_sncf=80142281 -> db_id (station: 'Karlsruhe Hbf', slug=karlsruhe-hbf); raw data had deutscheBahnStopId=8014228 (358 rows) and 8000191 (94 rows) for this originalStopId; correct value matches candidate_b"
FR,StopPoint:OCEICE-80203471,Munich,8000261,"resolved via stations.csv uic8_sncf=80203471 -> db_id (station: 'München Hbf', slug=munchen-hbf); raw data had deutscheBahnStopId=8000261 (28 rows) and 8020347 (12 rows) for this originalStopId; correct value matches candidate_a"
FR,StopPoint:OCEICE-80253914,Sarrebruck,8000323,"resolved via stations.csv uic8_sncf=80253914 -> db_id (station: 'Saarbrücken Hbf', slug=saarbrucken-hbf); raw data had deutscheBahnStopId=8025391 (149 rows) and 8000323 (62 rows) for this originalStopId; correct value matches candidate_b"
FR,StopPoint:OCEICE-80291039,Ulm Hbf,8000170,"resolved via stations.csv uic8_sncf=80291039 -> db_id (station: 'Ulm Hbf', slug=ulm-hbf); raw data had deutscheBahnStopId=8029103 (53 rows) and 8000170 (5 rows) for this originalStopId; correct value matches candidate_b"
FR,StopPoint:OCEICE-80659698,Berlin Hbf-Lehrter Bahnhof Nord,8011160,"resolved via stations.csv uic8_sncf=80659698 -> db_id (station: 'Berlin Hbf', slug=berlin-hbf); raw data had deutscheBahnStopId=8065969 (29 rows) and 8011160 (11 rows) for this originalStopId; correct value matches candidate_b"
FR,StopPoint:OCEINTERCITES-87485003,La Rochelle,8700202,"resolved via stations.csv uic8_sncf=87485003 -> db_id (station: 'La Rochelle Ville', slug=la-rochelle-ville); raw data had deutscheBahnStopId=8700202 (237 rows) and 8748500 (221 rows) for this originalStopId; correct value matches candidate_a"
FR,StopPoint:OCELyria-87713040,Dijon,8700021,"resolved via stations.csv uic8_sncf=87713040 -> db_id (station: 'Dijon Ville', slug=dijon-ville); raw data had deutscheBahnStopId=8700021 (330 rows) and 8771304 (179 rows) for this originalStopId; correct value matches candidate_a"
FR,StopPoint:OCEOUIGO-87485003,La Rochelle,8700202,"resolved via stations.csv uic8_sncf=87485003 -> db_id (station: 'La Rochelle Ville', slug=la-rochelle-ville); raw data had deutscheBahnStopId=8700202 (30 rows) and 8748500 (14 rows) for this originalStopId; correct value matches candidate_a"
FR,StopPoint:OCETGV INOUI-87142109,Lorraine TGV,8700729,"resolved via stations.csv uic8_sncf=87142109 -> db_id (station: 'Lorraine TGV', slug=lorraine-tgv); raw data had deutscheBahnStopId=8700729 (401 rows) and 8714210 (374 rows) for this originalStopId; correct value matches candidate_a"
FR,StopPoint:OCETGV INOUI-87485003,La Rochelle,8700202,"resolved via stations.csv uic8_sncf=87485003 -> db_id (station: 'La Rochelle Ville', slug=la-rochelle-ville); raw data had deutscheBahnStopId=8700202 (312 rows) and 8748500 (122 rows) for this originalStopId; correct value matches candidate_a"
FR,StopPoint:OCETGV INOUI-87713040,Dijon,8700021,"resolved via stations.csv uic8_sncf=87713040 -> db_id (station: 'Dijon Ville', slug=dijon-ville); raw data had deutscheBahnStopId=8700021 (800 rows) and 8771304 (752 rows) for this originalStopId; correct value matches candidate_a"
FR,StopPoint:OCETGV INOUI-87726000,Saint-Étienne Châteaucreux,8700046,"resolved via stations.csv uic8_sncf=87726000 -> db_id (station: 'St-Étienne Châteaucreux', slug=st-etienne-chateaucreux); raw data had deutscheBahnStopId=8700046 (173 rows) and 8772600 (50 rows) for this originalStopId; correct value matches candidate_a"
FR,StopPoint:OCETGV INOUI-87742320,Saint-Jean-de-Maurienne Arvan,8702383,"resolved via stations.csv uic8_sncf=87742320 -> db_id (station: 'St-Jean-de-Maurienne – Arvan', slug=st-jean-de-maurienne-arvan); raw data had deutscheBahnStopId=8702383 (66 rows) and 8774232 (63 rows) for this originalStopId; correct value matches candidate_a"
FR,StopPoint:OCETGV INOUI-87742361,Saint-Michel - Valloire,8702381,"resolved via stations.csv uic8_sncf=87742361 -> db_id (station: 'St-Michel – Valloire', slug=st-michel-valloire); raw data had deutscheBahnStopId=8702381 (8 rows) and 8774236 (7 rows) for this originalStopId; correct value matches candidate_a"
